12707, 28.80
12807, 28.80
12907, 28.80
13007, 28.80
13107, 28.80
13207, 28.80
13307, 28.80
13407, 28.80
13507, 28.80
13607, 28.80
13707, 28.80
13807, 28.80
13907, 28.80
14007, 28.80
14107, 28.80
14207, 28.80
14307, 28.80
14407, 28.80
14507, 28.80
14607, 28.80
14707, 28.80
14807, 28.80
14907, 28.80
15007, 28.80
15107, 28.80
15207, 28.80
15307, 28.80
15407, 28.80
15507, 28.80
15607, 28.80
15707, 28.80
15807, 28.80
15907, 28.80
16007, 28.80
16107, 28.80
16207, 28.80
16307, 28.80
16407, 28.80
16507, 28.80
16607, 28.80
16707, 28.80
16807, 28.80
16907, 28.80
17007, 28.80
17107, 28.80
17207, 28.80
17307, 28.80
17407, 28.80
17507, 28.80
17607, 28.80
17707, 28.80
17807, 28.80
17907, 28.80
18007, 28.80
18107, 28.80
18207, 28.80
18307, 28.80
18407, 28.80
18507, 28.80
18607, 28.80
18707, 28.80
18807, 28.80
19007, 28.91
19107, 28.91
19207, 28.91
19307, 28.91
19407, 28.91
19507, 28.91
19607, 28.91
19707, 28.91
19807, 28.91
19907, 28.91
20007, 28.91
20107, 28.91
20207, 28.91
20307, 28.91
20407, 28.91
20507, 28.91
20607, 28.91
20707, 28.91
20807, 28.91
20907, 28.91
21007, 28.91
21107, 28.91
21207, 28.91
21307, 28.91
21407, 28.91
21507, 28.91
21607, 28.91
21707, 28.91
21807, 28.91
21907, 28.91
22007, 28.91
22107, 28.91
22427, 28.95
22527, 28.95
22627, 28.95
22727, 28.95
22827, 28.95
22927, 28.95
23027, 28.95
23127, 28.95
23227, 28.95
23327, 28.95
23427, 28.95
23527, 28.95
23847, 28.97
23947, 28.97
24047, 28.97
24147, 28.97
24247, 28.97
24347, 28.97
24447, 28.97
24869, 29.00
24969, 29.00
25069, 29.00
25169, 29.00
25269, 29.00
25369, 29.00
25469, 29.00
25569, 29.00
25669, 29.00
25769, 29.00
25869, 29.00
25969, 29.00
26069, 29.00
26169, 29.00
26269, 29.00
26369, 29.00
26469, 29.00
26569, 29.00
26669, 29.00
26769, 29.00
27089, 29.03
27189, 29.03
27289, 29.03
27389, 29.03
27489, 29.03
27589, 29.03
27689, 29.03
27789, 29.03
27889, 29.03
27989, 29.03
28089, 29.03
28189, 29.03
28289, 29.03
28389, 29.03
28489, 29.03
28589, 29.03
28689, 29.03
28789, 29.03
28889, 29.03
28989, 29.03
29089, 29.03
29189, 29.03
29289, 29.03
29389, 29.03
29489, 29.03
29589, 29.03
29689, 29.03
29789, 29.03
29889, 29.03
29989, 29.03
30089, 29.03
30189, 29.03
30289, 29.03
30389, 29.03
30489, 29.03
30589, 29.03
30689, 29.03
30789, 29.03
30889, 29.03
30989, 29.03
31089, 29.03
31189, 29.03
31289, 29.03
31389, 29.03
31489, 29.03
31589, 29.03
31689, 29.03
31789, 29.03
31889, 29.03
31989, 29.03
32089, 29.03
32189, 29.03
32289, 29.03
32389, 29.03
32489, 29.03
32809, 29.14
32909, 29.14
33009, 29.14
33109, 29.14
33209, 29.14
33309, 29.14
41609, 29.28
41709, 29.28
41809, 29.28
41909, 29.28
42009, 29.28
42109, 29.28
42209, 29.28
42309, 29.28
42409, 29.28
42509, 29.28
42609, 29.28
42709, 29.28
42809, 29.28
42909, 29.28
43009, 29.28
43209, 29.35
43309, 29.35
43409, 29.35
43509, 29.35
43609, 29.35
43709, 29.35
43809, 29.35
43909, 29.35
44009, 29.35
44109, 29.35
44209, 29.35
44309, 29.35
44409, 29.35
44509, 29.35
44609, 29.35
44709, 29.35
44809, 29.35
44909, 29.35
45009, 29.35
45109, 29.35
45209, 29.35
45309, 29.35
45409, 29.35
45509, 29.35
45609, 29.35
45709, 29.35
45809, 29.35
45909, 29.35
46009, 29.35
46109, 29.35
46209, 29.35
46309, 29.35
46409, 29.35
46509, 29.35
46609, 29.35
46709, 29.35
46809, 29.35
46909, 29.35
47009, 29.35
47109, 29.35
47209, 29.35
47309, 29.35
47409, 29.35
47509, 29.35
47609, 29.35
47929, 29.43
48029, 29.43
48129, 29.43
48229, 29.43
48329, 29.43
48429, 29.43
48529, 29.43
48629, 29.43
48729, 29.43
48829, 29.43
48929, 29.43
49029, 29.43
49129, 29.43
49229, 29.43
49329, 29.43
49429, 29.43
49529, 29.43
49629, 29.43
49729, 29.43
49829, 29.43
49929, 29.43
50029, 29.43
50129, 29.43
50229, 29.43
50329, 29.43
50429, 29.43
50529, 29.43
50629, 29.43
50729, 29.43
50829, 29.43
50929, 29.43
51029, 29.43
51129, 29.43
51229, 29.43
51329, 29.43
51429, 29.43
51529, 29.43
51729, 29.51
51829, 29.51
51929, 29.51
52029, 29.51
52349, 29.50
52449, 29.50
52549, 29.50
52649, 29.50
52749, 29.50
52849, 29.50
52949, 29.50
53049, 29.50
53149, 29.50
53249, 29.50
53349, 29.50
53449, 29.50
53549, 29.50
53649, 29.50
53749, 29.50
53849, 29.50
53949, 29.50
54049, 29.50
54369, 29.55
54469, 29.55
54569, 29.55
54669, 29.55
54769, 29.55
54869, 29.55
54969, 29.55
55069, 29.55
55169, 29.55
55269, 29.55
55369, 29.55
55469, 29.55
70469, 29.74
70569, 29.74
70669, 29.74
70869, 29.78
70969, 29.78
71069, 29.78
71169, 29.78
71269, 29.78
71369, 29.78
71469, 29.78
71569, 29.78
71669, 29.78
71769, 29.78
71869, 29.78
71969, 29.78
72069, 29.78
72169, 29.78
72269, 29.78
72369, 29.78
72469, 29.78
72569, 29.78
72669, 29.78
72769, 29.78
72869, 29.78
72969, 29.78
73169, 29.82
73269, 29.82
73369, 29.82
73469, 29.82
73569, 29.82
73669, 29.82
73869, 29.83
73969, 29.83
74069, 29.83
74269, 29.85
74369, 29.85
74469, 29.85
74569, 29.85
74669, 29.85
74769, 29.85
74869, 29.85
74969, 29.85
75069, 29.85
75169, 29.85
75269, 29.85
75369, 29.85
75469, 29.85
75569, 29.85
75669, 29.85
75769, 29.85
75869, 29.85
75969, 29.85
76069, 29.85
76169, 29.85
76269, 29.85
76369, 29.85
76469, 29.85
76569, 29.85
76669, 29.85
76769, 29.85
76869, 29.85
76969, 29.85
77069, 29.85
77169, 29.85
77269, 29.85
77369, 29.85
77469, 29.85
77569, 29.85
77669, 29.85
77769, 29.85
77869, 29.85
77969, 29.85
78069, 29.85
78169, 29.85
78269, 29.85
78369, 29.85
78469, 29.85
78569, 29.85
78669, 29.85
78769, 29.85
78869, 29.85
78969, 29.85
79069, 29.85
79169, 29.85
79269, 29.85
79369, 29.85
79469, 29.85
79569, 29.85
79669, 29.85
79769, 29.85
79869, 29.85
79969, 29.85
80069, 29.85
80169, 29.85
80269, 29.85
80369, 29.85
80469, 29.85
80569, 29.85
80769, 29.92
80869, 29.92
80969, 29.92
81069, 29.92
81169, 29.92
81269, 29.92
81369, 29.92
81469, 29.92
81569, 29.92
81669, 29.92
81769, 29.92
81869, 29.92
81969, 29.92
82069, 29.92
82169, 29.92
82269, 29.92
82369, 29.92
82469, 29.92
82569, 29.92
82669, 29.92
82769, 29.92
82869, 29.92
82969, 29.92
83069, 29.92
83169, 29.92
83269, 29.92
83369, 29.92
83469, 29.92
83569, 29.92
83669, 29.92
83769, 29.92
83869, 29.92
83969, 29.92
84069, 29.92
84169, 29.92
84269, 29.92
84369, 29.92
84469, 29.92
84569, 29.92
84669, 29.92
84769, 29.92
84869, 29.92
84969, 29.92
85069, 29.92
85169, 29.92
85269, 29.92
85369, 29.92
85469, 29.92
85569, 29.92
85669, 29.92
85769, 29.92
85869, 29.92
85969, 29.92
86069, 29.92
86169, 29.92
86269, 29.92
86369, 29.92
86469, 29.92
86569, 29.92
86669, 29.92
86769, 29.92
86869, 29.92
87069, 29.98
87169, 29.98
87269, 29.98
87369, 29.98
87469, 29.98
87569, 29.98
87669, 29.98
87769, 29.98
87869, 29.98
87969, 29.98
88069, 29.98
88169, 29.98
89569, 29.99
89669, 29.99
89769, 29.99
89869, 29.99
89969, 29.99
90069, 29.99
90169, 29.99
90269, 29.99
90369, 29.99
90469, 29.99
90569, 29.99
90669, 29.99
90769, 29.99
90869, 29.99
90969, 29.99
91069, 29.99
91169, 29.99
91269, 29.99
91369, 29.99
91469, 29.99
91569, 29.99
91669, 29.99
91769, 29.99
91869, 29.99
91969, 29.99
92069, 29.99
92169, 29.99
92269, 29.99
92369, 29.99
92469, 29.99
92569, 29.99
92669, 29.99
92769, 29.99
92869, 29.99
92969, 29.99
93069, 29.99
93169, 29.99
93269, 29.99
93369, 29.99
93569, 30.06
93669, 30.06
93869, 30.06
93969, 30.06
94069, 30.06
94169, 30.06
94269, 30.06
94369, 30.06
94469, 30.06
94569, 30.06
94669, 30.06
94769, 30.06
94869, 30.06
94969, 30.06
95069, 30.06
95169, 30.06
95269, 30.06
95369, 30.06
95469, 30.06
95569, 30.06
95669, 30.06
95769, 30.06
95869, 30.06
95969, 30.06
96069, 30.06
96169, 30.06
96269, 30.06
96369, 30.06
96469, 30.06
96569, 30.06
96669, 30.06
96769, 30.06
96869, 30.06
96969, 30.06
97069, 30.06
97169, 30.06
97269, 30.06
97369, 30.06
97469, 30.06
97569, 30.06
97669, 30.06
97769, 30.06
97869, 30.06
97969, 30.06
98069, 30.06
98169, 30.06
98269, 30.06
98369, 30.06
98469, 30.06
98569, 30.06
98669, 30.06
98769, 30.06
98869, 30.06
98969, 30.06
99069, 30.06
99169, 30.06
99269, 30.06
99369, 30.06
99569, 30.10
99669, 30.10
99769, 30.10
99969, 30.11
100069, 30.11
100169, 30.11
100269, 30.11
100369, 30.11
100469, 30.11
100569, 30.11
100669, 30.11
100769, 30.11
100869, 30.11
100969, 30.11
101069, 30.11
101169, 30.11
101269, 30.11
101369, 30.11
101469, 30.11
101569, 30.11
101669, 30.11
101769, 30.11
101869, 30.11
101969, 30.11
102069, 30.11
102389, 30.10
102489, 30.10
102589, 30.10
102689, 30.10
102789, 30.10
102889, 30.10
102989, 30.10
103089, 30.10
103189, 30.10
103289, 30.10
103389, 30.10
103489, 30.10
103589, 30.10
103689, 30.10
103789, 30.10
103889, 30.10
103989, 30.10
104309, 30.11
104409, 30.11
104509, 30.11
104609, 30.11
104709, 30.11
104809, 30.11
104909, 30.11
105009, 30.11
105109, 30.11
105209, 30.11
105309, 30.11
105409, 30.11
105509, 30.11
105609, 30.11
105709, 30.11
105809, 30.11
105909, 30.11
106009, 30.11
106109, 30.11
106209, 30.11
106309, 30.11
106409, 30.11
106509, 30.11
106609, 30.11
106709, 30.11
106809, 30.11
106909, 30.11
107009, 30.11
107109, 30.11
107209, 30.11
107309, 30.11
107409, 30.11
107509, 30.11
107609, 30.11
107709, 30.11
107809, 30.11
107909, 30.11
108009, 30.11
108109, 30.11
108209, 30.11
108309, 30.11
108409, 30.11
108509, 30.11
108609, 30.11
108709, 30.11
108809, 30.11
108909, 30.11
109009, 30.11
109109, 30.11
109209, 30.11
109309, 30.11
109409, 30.11
109509, 30.11
109609, 30.11
109709, 30.11
109809, 30.11
109909, 30.11
110009, 30.11
110109, 30.11
112509, 30.18
112609, 30.18
112709, 30.18
112809, 30.18
112909, 30.18
113009, 30.18
113109, 30.18
113209, 30.18
113309, 30.18
113409, 30.18
113509, 30.18
113609, 30.18
113709, 30.18
113809, 30.18
113909, 30.18
114009, 30.18
114109, 30.18
114209, 30.18
114309, 30.18
114409, 30.18
114509, 30.18
114609, 30.18
114709, 30.18
114809, 30.18
114909, 30.18
115009, 30.18
115109, 30.18
115209, 30.18
115309, 30.18
115409, 30.18
115509, 30.18
115609, 30.18
115709, 30.18
115809, 30.18
115909, 30.18
116009, 30.18
116109, 30.18
116209, 30.18
116309, 30.18
116409, 30.18
116509, 30.18
116609, 30.18
116709, 30.18
116809, 30.18
116909, 30.18
117009, 30.18
117109, 30.18
117209, 30.18
117309, 30.18
117409, 30.18
117509, 30.18
117609, 30.18
117709, 30.18
117809, 30.18
117909, 30.18
118009, 30.18
118109, 30.18
118309, 30.24
118409, 30.24
118509, 30.24
118609, 30.24
118709, 30.24
118809, 30.24
118909, 30.24
119009, 30.24
119109, 30.24
119209, 30.24
119309, 30.24
119409, 30.24
119509, 30.24
119609, 30.24
119709, 30.24
119809, 30.24
119909, 30.24
120009, 30.24
120109, 30.24
120209, 30.24
120309, 30.24
120409, 30.24
120509, 30.24
120609, 30.24
120709, 30.24
120809, 30.24
120909, 30.24
121009, 30.24
121109, 30.24
121209, 30.24
121309, 30.24
121409, 30.24
121509, 30.24
121609, 30.24
121709, 30.24
121809, 30.24
121909, 30.24
122009, 30.24
122109, 30.24
122209, 30.24
122309, 30.24
122409, 30.24
122509, 30.24
122609, 30.24
122709, 30.24
122809, 30.24
122909, 30.24
123009, 30.24
123109, 30.24
123209, 30.24
123309, 30.24
123409, 30.24
123509, 30.24
123609, 30.24
123709, 30.24
123809, 30.24
123909, 30.24
124009, 30.24
124109, 30.24
124209, 30.24
124309, 30.24
124409, 30.24
124509, 30.24
124609, 30.24
124930, 30.31
125030, 30.31
125130, 30.31
125230, 30.31
125330, 30.31
125430, 30.31
125530, 30.31
125630, 30.31
125730, 30.31
125830, 30.31
125930, 30.31
126030, 30.31
126130, 30.31
126230, 30.31
126330, 30.31
126430, 30.31
126530, 30.31
126730, 30.34
126830, 30.34
126930, 30.34
127030, 30.34
127130, 30.34
127230, 30.34
127330, 30.34
127430, 30.34
127530, 30.34
127630, 30.34
127730, 30.34
127830, 30.34
127930, 30.34
128030, 30.34
128130, 30.34
128230, 30.34
128330, 30.34
128430, 30.34
128530, 30.34
128630, 30.34
128730, 30.34
128830, 30.34
128930, 30.34
129030, 30.34
129130, 30.34
129230, 30.34
129330, 30.34
129430, 30.34
129530, 30.34
129630, 30.34
129730, 30.34
129830, 30.34
129930, 30.34
130030, 30.34
130130, 30.34
130230, 30.34
130330, 30.34
130430, 30.34
130530, 30.34
130630, 30.34
130730, 30.34
130830, 30.34
130930, 30.34
131030, 30.34
131130, 30.34
131230, 30.34
131330, 30.34
131430, 30.34
131530, 30.34
131630, 30.34
131730, 30.34
131830, 30.34
131930, 30.34
132030, 30.34
132130, 30.34
132230, 30.34
132330, 30.34
132430, 30.34
132530, 30.34
132630, 30.34
132730, 30.34
132830, 30.34
132930, 30.34
133030, 30.34
133130, 30.34
133230, 30.34
133330, 30.34
133430, 30.34
133530, 30.34
133630, 30.34
133730, 30.34
133830, 30.34
133930, 30.34
134030, 30.34
134130, 30.34
134230, 30.34
134330, 30.34
134430, 30.34
134530, 30.34
134630, 30.34
134730, 30.34
134830, 30.34
134930, 30.34
135030, 30.34
135130, 30.34
135230, 30.34
135330, 30.34
135430, 30.34
135530, 30.34
135630, 30.34
135730, 30.34
135830, 30.34
135930, 30.34
136030, 30.34
136130, 30.34
136230, 30.34
136330, 30.34
136430, 30.34
136530, 30.34
136630, 30.34
136730, 30.34
136830, 30.34
136930, 30.34
137030, 30.34
137130, 30.34
137230, 30.34
137330, 30.34
137430, 30.34
137530, 30.34
137630, 30.34
137730, 30.34
137830, 30.34
138030, 30.42
138130, 30.42
138230, 30.42
138330, 30.42
138430, 30.42
138530, 30.42
138630, 30.42
138730, 30.42
138830, 30.42
138930, 30.42
139030, 30.42
139130, 30.42
139230, 30.42
139330, 30.42
139430, 30.42
139530, 30.42
139630, 30.42
139730, 30.42
139830, 30.42
139930, 30.42
140030, 30.42
140130, 30.42
140230, 30.42
140330, 30.42
140430, 30.42
140530, 30.42
140630, 30.42
140730, 30.42
140830, 30.42
140930, 30.42
141030, 30.42
141130, 30.42
141230, 30.42
141330, 30.42
141430, 30.42
141530, 30.42
141630, 30.42
141730, 30.42
141830, 30.42
141930, 30.42
142030, 30.42
142130, 30.42
142230, 30.42
142330, 30.42
142430, 30.42
142530, 30.42
142630, 30.42
142730, 30.42
142830, 30.42
142930, 30.42
143030, 30.42
143130, 30.42
143230, 30.42
143330, 30.42
143430, 30.42
143530, 30.42
143630, 30.42
143730, 30.42
143830, 30.42
143930, 30.42
144030, 30.42
144130, 30.42
144230, 30.42
144330, 30.42
144430, 30.42
144530, 30.42
144630, 30.42
144730, 30.42
144930, 30.47
145030, 30.47
145130, 30.47
145230, 30.47
145430, 30.48
145530, 30.48
145630, 30.48
145730, 30.48
145830, 30.48
145930, 30.48
146030, 30.48
146130, 30.48
146230, 30.48
146330, 30.48
146430, 30.48
146530, 30.48
146630, 30.48
146730, 30.48
146830, 30.48
146930, 30.48
147130, 30.49
147230, 30.49
147330, 30.49
147430, 30.49
147530, 30.49
147630, 30.49
147730, 30.49
147830, 30.49
147930, 30.49
148030, 30.49
148130, 30.49
148230, 30.49
148330, 30.49
148430, 30.49
148530, 30.49
148630, 30.49
148730, 30.49
148830, 30.49
148930, 30.49
149030, 30.49
149130, 30.49
149230, 30.49
149330, 30.49
149430, 30.49
149530, 30.49
149630, 30.49
149830, 30.50
149930, 30.50
169630, 30.54
169730, 30.54
169830, 30.54
169930, 30.54
170030, 30.54
170130, 30.54
170230, 30.54
170330, 30.54
170430, 30.54
170530, 30.54
170630, 30.54
170730, 30.54
170830, 30.54
170930, 30.54
171030, 30.54
171330, 30.56
171430, 30.56
171530, 30.56
171630, 30.56
171730, 30.56
171830, 30.56
171930, 30.56
172030, 30.56
172130, 30.56
172230, 30.56
172330, 30.56
172430, 30.56
172530, 30.56
172630, 30.56
172730, 30.56
172830, 30.56
172930, 30.56
173030, 30.56
173130, 30.56
173230, 30.56
173330, 30.56
173430, 30.56
173530, 30.56
173630, 30.56
173730, 30.56
173830, 30.56
173930, 30.56
174030, 30.56
174130, 30.56
174230, 30.56
188830, 30.60
188930, 30.60
189030, 30.60
189130, 30.60
189230, 30.60
189330, 30.60
189430, 30.60
189530, 30.60
189630, 30.60
189730, 30.60
189830, 30.60
189930, 30.60
190030, 30.60
190130, 30.60
190230, 30.60
190330, 30.60
190430, 30.60
190530, 30.60
190630, 30.60
190730, 30.60
190830, 30.60
190930, 30.60
191030, 30.60
191130, 30.60
191230, 30.60
191330, 30.60
191430, 30.60
191530, 30.60
191630, 30.60
191730, 30.60
191830, 30.60
191930, 30.60
192030, 30.60
192130, 30.60
192230, 30.60
192330, 30.60
192430, 30.60
192530, 30.60
192630, 30.60
192730, 30.60
192830, 30.60
192930, 30.60
193030, 30.60
193130, 30.60
193230, 30.60
193550, 30.64
193650, 30.64
193750, 30.64
193850, 30.64
193950, 30.64
194050, 30.64
194150, 30.64
194250, 30.64
194350, 30.64
194450, 30.64
194550, 30.64
194650, 30.64
194750, 30.64
194850, 30.64
194950, 30.64
195050, 30.64
195150, 30.64
195250, 30.64
195350, 30.64
195450, 30.64
195550, 30.64
195650, 30.64
195750, 30.64
195850, 30.64
195950, 30.64
196050, 30.64
196150, 30.64
196471, 30.65
196571, 30.65
196891, 30.64
196991, 30.64
197091, 30.64
197191, 30.64
197291, 30.64
197391, 30.64
197491, 30.64
197591, 30.64
197691, 30.64
197791, 30.64
197891, 30.64
197991, 30.64
198091, 30.64
198191, 30.64
198291, 30.64
198391, 30.64
198491, 30.64
198591, 30.64
198691, 30.64
198791, 30.64
198891, 30.64
198991, 30.64
199091, 30.64
199191, 30.64
199291, 30.64
199391, 30.64
199711, 30.67
199811, 30.67
199911, 30.67
200011, 30.67
200111, 30.67
200211, 30.67
200311, 30.67
200411, 30.67
200511, 30.67
200611, 30.67
200711, 30.67
200811, 30.67
200911, 30.67
201011, 30.67
201111, 30.67
201211, 30.67
201311, 30.67
201411, 30.67
201511, 30.67
201611, 30.67
201711, 30.67
201811, 30.67
201911, 30.67
202011, 30.67
202111, 30.67
202211, 30.67
202311, 30.67
202411, 30.67
202511, 30.67
202611, 30.67
202711, 30.67
202811, 30.67
202911, 30.67
203011, 30.67
203111, 30.67
203211, 30.67
203311, 30.67
203411, 30.67
203511, 30.67
203611, 30.67
203711, 30.67
203811, 30.67
203911, 30.67
204011, 30.67
204111, 30.67
204211, 30.67
204311, 30.67
204411, 30.67
204511, 30.67
204611, 30.67
204711, 30.67
204811, 30.67
204911, 30.67
205011, 30.67
205111, 30.67
205211, 30.67
205311, 30.67
205411, 30.67
205511, 30.67
205611, 30.67
205711, 30.67
205811, 30.67
205911, 30.67
206011, 30.67
206111, 30.67
206211, 30.67
206311, 30.67
206411, 30.67
206511, 30.67
206611, 30.67
206711, 30.67
206811, 30.67
206911, 30.67
207011, 30.67
207111, 30.67
207211, 30.67
207311, 30.67
207411, 30.67
207511, 30.67
301711, 30.87
301811, 30.87
301911, 30.87
302011, 30.87
302111, 30.87
302211, 30.87
302311, 30.87
302411, 30.87
302511, 30.87
302611, 30.87
302711, 30.87
302811, 30.87
302911, 30.87
303011, 30.87
303111, 30.87
303211, 30.87
303311, 30.87
303411, 30.87
303511, 30.87
303611, 30.87
303711, 30.87
303811, 30.87
303911, 30.87
304011, 30.87
304111, 30.87
304211, 30.87
304311, 30.87
304411, 30.87
304511, 30.87
304611, 30.87
304711, 30.87
304811, 30.87
305131, 30.91
305231, 30.91
305331, 30.91
305431, 30.91
305531, 30.91
305631, 30.91
305731, 30.91
305831, 30.91
305931, 30.91
306031, 30.91
306131, 30.91
306231, 30.91
306331, 30.91
306431, 30.91
306531, 30.91
306631, 30.91
306731, 30.91
306831, 30.91
306931, 30.91
307031, 30.91
307131, 30.91
307231, 30.91
307331, 30.91
307431, 30.91
307531, 30.91
307631, 30.91
307731, 30.91
307831, 30.91
307931, 30.91
308031, 30.91
308131, 30.91
308231, 30.91
308331, 30.91
308431, 30.91
308531, 30.91
308631, 30.91
309052, 30.92
309152, 30.92
309252, 30.92
309352, 30.92
309452, 30.92
309552, 30.92
309652, 30.92
309752, 30.92
309852, 30.92
309952, 30.92
310052, 30.92
310152, 30.92
310252, 30.92
310352, 30.92
310452, 30.92
310552, 30.92
310652, 30.92
310752, 30.92
310852, 30.92
310952, 30.92
311052, 30.92
311152, 30.92
311252, 30.92
311452, 30.93
311552, 30.93
311652, 30.93
311752, 30.93
311852, 30.93
311952, 30.93
312052, 30.93
312152, 30.93
312252, 30.93
312352, 30.93
312452, 30.93
312552, 30.93
312652, 30.93
312752, 30.93
312852, 30.93
312952, 30.93
313052, 30.93
313152, 30.93
313252, 30.93
313352, 30.93
313452, 30.93
313552, 30.93
313652, 30.93
313752, 30.93
313852, 30.93
313952, 30.93
314052, 30.93
314152, 30.93
314252, 30.93
314352, 30.93
314452, 30.93
314552, 30.93
314652, 30.93
314852, 30.93
314952, 30.93
315052, 30.93
315152, 30.93
315252, 30.93
315352, 30.93
315452, 30.93
315552, 30.93
315652, 30.93
315752, 30.93
315852, 30.93
315952, 30.93
316052, 30.93
316152, 30.93
316252, 30.93
316352, 30.93
316452, 30.93
316552, 30.93
316652, 30.93
316752, 30.93
316852, 30.93
316952, 30.93
317052, 30.93
317152, 30.93
317252, 30.93
317352, 30.93
317452, 30.93
317552, 30.93
317652, 30.93
317752, 30.93
317852, 30.93
317952, 31.75
318052, 30.95
318152, 30.95
318252, 30.95
318352, 30.95
318452, 30.95
318552, 30.95
318652, 30.95
318752, 30.95
318852, 30.95
318952, 30.95
319052, 30.95
319152, 30.95
319252, 30.95
319352, 30.95
319452, 30.95
319552, 30.95
319652, 30.95
319752, 30.95
319852, 30.95
319952, 30.95
320052, 30.95
323752, 30.91
323852, 30.91
323952, 30.91
324052, 30.91
324152, 30.91
324252, 30.91
324352, 30.91
324452, 30.91
324552, 30.91
324652, 30.91
324752, 30.91
324852, 30.91
324952, 30.91
325052, 30.91
325152, 30.91
325252, 30.91
325352, 30.91
325452, 30.91
325552, 30.91
325652, 30.91
325752, 30.91
325852, 30.91
325952, 30.91
326052, 30.91
326152, 30.91
326252, 30.91
326352, 30.91
326452, 30.91
326552, 30.91
326652, 30.91
326752, 30.91
326852, 30.91
326952, 30.91
327052, 30.91
327152, 30.91
327252, 30.91
327352, 30.91
327452, 30.91
327552, 30.91
327652, 30.91
327752, 30.91
327852, 30.91
327952, 30.91
328052, 30.91
328152, 30.91
328252, 30.91
328352, 30.91
328452, 30.91
328552, 30.91
328652, 30.91
328752, 30.91
328852, 30.91
328952, 30.91
329052, 30.91
329152, 30.91
329252, 30.91
329352, 30.91
329452, 30.91
329552, 30.91
329652, 30.91
329752, 30.91
329852, 30.91
329952, 30.91
330052, 30.91
330152, 30.91
330252, 30.91
330352, 30.91
330452, 30.91
330552, 30.91
330652, 30.91
330752, 30.91
330852, 30.91
330952, 30.91
331052, 30.91
331152, 30.91
331252, 30.91
331352, 30.91
331452, 30.91
331552, 30.91
331652, 30.91
331752, 30.91
331852, 30.91
331952, 30.91
332052, 30.91
332152, 30.91
332252, 30.91
332352, 30.91
332452, 30.91
332552, 30.91
332652, 30.91
332752, 30.91
332852, 30.91
332952, 30.91
333052, 30.91
333152, 30.91
333252, 30.91
333352, 30.91
333452, 30.91
333552, 30.91
333652, 30.91
333752, 30.91
333852, 30.91
333952, 30.91
334052, 30.91
334152, 30.91
334252, 30.91
334352, 30.91
334452, 30.91
334552, 30.91
334652, 30.91
334752, 30.91
334852, 30.91
334952, 30.91
335052, 30.91
335152, 30.91
335252, 30.91
335352, 30.91
335452, 30.91
335552, 30.91
335652, 30.91
335752, 30.91
335852, 30.91
335952, 30.91
336052, 30.91
336152, 30.91
336252, 30.91
336352, 30.91
336452, 30.91
336552, 30.91
336752, 31.00
336852, 31.00
336952, 31.00
337152, 30.97
337252, 30.97
337352, 30.97
337452, 30.97
337552, 30.97
337652, 30.97
337752, 30.97
337852, 30.97
337952, 30.97
338152, 30.97
338252, 30.97
338352, 30.97
338452, 30.97
338552, 30.97
338652, 30.97
338752, 30.97
338852, 30.97
338952, 30.97
339052, 30.97
339152, 30.97
339252, 30.97
339352, 30.97
339452, 30.97
339552, 30.97
339652, 30.97
339752, 30.97
339852, 30.97
339952, 30.97
340052, 30.97
340152, 30.97
340252, 30.97
340352, 30.97
340452, 30.97
340552, 30.97
340652, 30.97
340752, 30.97
340852, 30.97
340952, 30.97
341052, 30.97
341152, 30.97
341252, 30.97
341352, 30.97
341452, 30.97
341652, 30.98
341752, 30.98
341852, 30.98
341952, 30.98
342052, 30.98
342152, 30.98
342252, 30.98
342352, 30.98
342452, 30.98
342552, 30.98
342652, 30.98
342752, 30.98
342852, 30.98
342952, 30.98
343052, 30.98
343152, 30.98
343252, 30.98
343352, 30.98
343672, 30.98
343772, 30.98
343872, 30.98
343972, 30.98
344072, 30.98
344172, 30.98
344272, 30.98
344372, 30.98
344472, 30.98
344572, 30.98
344672, 30.98
344772, 30.98
344872, 30.98
344972, 30.98
345072, 30.98
345172, 30.98
345272, 30.98
345372, 30.98
345472, 30.98
345572, 30.98
345672, 30.98
345772, 30.98
345872, 30.98
345972, 30.98
346072, 30.98
346172, 30.98
346272, 30.98
346372, 30.98
346472, 30.98
346572, 30.98
346672, 30.98
346772, 30.98
346872, 30.98
346972, 30.98
347072, 30.98
347172, 30.98
347272, 30.98
347372, 30.98
347472, 30.98
347572, 30.98
347672, 30.98
347772, 30.98
347872, 30.98
347972, 30.98
348072, 30.98
348172, 30.98
348272, 30.98
348372, 30.98
348472, 30.98
348572, 30.98
348672, 30.98
348772, 30.98
348872, 30.98
348972, 30.98
349072, 30.98
349172, 30.98
349272, 30.98
349372, 30.98
349472, 30.98
349572, 30.98
349672, 30.98
349772, 30.98
349872, 30.98
349972, 30.98
350072, 30.98
350172, 30.98
350272, 30.98
350372, 30.98
350472, 30.98
350572, 30.98
350672, 30.98
350772, 30.98
350872, 30.98
350972, 30.98
351072, 30.98
351172, 30.98
351272, 30.98
351372, 30.98
351472, 30.98
351572, 30.98
351672, 30.98
351772, 30.98
351872, 30.98
351972, 30.98
352072, 30.98
352172, 30.98
352272, 30.98
352372, 30.98
352472, 30.98
352572, 30.98
352672, 30.98
352772, 30.98
352872, 30.98
352972, 30.98
353072, 30.98
353172, 30.98
353272, 30.98
353372, 30.98
353472, 30.98
353572, 30.98
353672, 30.98
353772, 30.98
353872, 30.98
353972, 30.98
354072, 30.98
354172, 30.98
354272, 30.98
354372, 30.98
354472, 30.98
354572, 30.98
354672, 30.98
354772, 30.98
354872, 30.98
354972, 30.98
355072, 30.98
355172, 30.98
355272, 30.98
355372, 30.98
355472, 30.98
355572, 30.98
355672, 30.98
355772, 30.98
355872, 30.98
355972, 30.98
356072, 30.98
356172, 30.98
356272, 30.98
356372, 30.98
356472, 30.98
356572, 30.98
356672, 30.98
356772, 30.98
356872, 30.98
356972, 30.98
357072, 30.98
357172, 30.98
357272, 30.98
357372, 30.98
357472, 30.98
357572, 30.98
357672, 30.98
357772, 30.98
357872, 30.98
357972, 30.98
358072, 30.98
358172, 30.98
358272, 30.98
358372, 30.98
358472, 30.98
358572, 30.98
358672, 30.98
358772, 30.98
358872, 30.98
359193, 30.97
359293, 30.97
359393, 30.97
359493, 30.97
359593, 30.97
359693, 30.97
359793, 30.97
359893, 30.97
359993, 30.97
360093, 30.97
360193, 30.97
360293, 30.97
360393, 30.97
360493, 30.97
360593, 30.97
360693, 30.97
360793, 30.97
360893, 30.97
360993, 30.97
361093, 30.97
361193, 30.97
361293, 30.97
361393, 30.97
361493, 30.97
361593, 30.97
361693, 30.97
361793, 30.97
361893, 30.97
361993, 30.97
362093, 30.97
362193, 30.97
362293, 30.97
362393, 30.97
362493, 30.97
362593, 30.97
362693, 30.97
362793, 30.97
362893, 30.97
362993, 30.97
363093, 30.97
363193, 30.97
363293, 30.97
363393, 30.97
363493, 30.97
363593, 30.97
363693, 30.97
363793, 30.97
363893, 30.97
363993, 30.97
364093, 30.97
364193, 30.97
364293, 30.97
364393, 30.97
364493, 30.97
364593, 30.97
364693, 30.97
364793, 30.97
364893, 30.97
364993, 30.97
365093, 30.97
365193, 30.97
365293, 30.97
365393, 30.97
365493, 30.97
365593, 30.97
365693, 30.97
365793, 30.97
365893, 30.97
365993, 30.97
366093, 30.97
366193, 30.97
366293, 30.97
366393, 30.97
366493, 30.97
366593, 30.97
366693, 30.97
367014, 30.98
367114, 30.98
367214, 30.98
367314, 30.98
367414, 30.98
367514, 30.98
367614, 30.98
367714, 30.98
367814, 30.98
367914, 30.98
368014, 30.98
368114, 30.98
368214, 30.98
368314, 30.98
368414, 30.98
368514, 30.98
368614, 30.98
368714, 30.98
368814, 30.98
368914, 30.98
369014, 30.98
369114, 30.98
369214, 30.98
369314, 30.98
369414, 30.98
369514, 30.98
369614, 30.98
369714, 30.98
369814, 30.98
369914, 30.98
370014, 30.98
370114, 30.98
370214, 30.98
370314, 30.98
370414, 30.98
370514, 30.98
370614, 30.98
370714, 30.98
370814, 30.98
370914, 30.98
371014, 30.98
371114, 30.98
371214, 30.98
371314, 30.98
371414, 30.98
371514, 30.98
371614, 30.98
371714, 30.98
371814, 30.98
371914, 30.98
372014, 30.98
372114, 30.98
372214, 30.98
372314, 30.98
372414, 30.98
372514, 30.98
372614, 30.98
372714, 30.98
372814, 30.98
372914, 30.98
373014, 30.98
373114, 30.98
373214, 30.98
373314, 30.98
373414, 30.98
373514, 30.98
373614, 30.98
373714, 30.98
373814, 30.98
373914, 30.98
374014, 30.98
374114, 30.98
374214, 30.98
374314, 30.98
374635, 30.99
374735, 30.99
374835, 30.99
374935, 30.99
375035, 30.99
375135, 30.99
375235, 30.99
375335, 30.99
375435, 30.99
375535, 30.99
375635, 30.99
375735, 30.99
375835, 30.99
375935, 30.99
376035, 30.99
376135, 30.99
376235, 30.99
376335, 30.99
376435, 30.99
376535, 30.99
376635, 30.99
376735, 30.99
376835, 30.99
376935, 30.99
377035, 30.99
377135, 30.99
377235, 30.99
377335, 30.99
377435, 30.99
377535, 30.99
377635, 30.99
377735, 30.99
377835, 30.99
377935, 30.99
378035, 30.99
378135, 30.99
378235, 30.99
378335, 30.99
378435, 30.99
378535, 30.99
378635, 30.99
378735, 30.99
378835, 30.99
378935, 30.99
379035, 30.99
379135, 30.99
379235, 30.99
379335, 30.99
379435, 30.99
379535, 30.99
379635, 30.99
379735, 30.99
379835, 30.99
379935, 30.99
380035, 30.99
380135, 30.99
380235, 30.99
380335, 30.99
380435, 30.99
380535, 30.99
380635, 30.99
380735, 30.99
380835, 30.99
380935, 30.99
381035, 30.99
381135, 30.99
381235, 30.99
381335, 30.99
381435, 30.99
381535, 30.99
381635, 30.99
381735, 30.99
381835, 30.99
381935, 30.99
382035, 30.99
382135, 30.99
382235, 30.99
382335, 30.99
382435, 30.99
382535, 30.99
382635, 30.99
382735, 30.99
382835, 30.99
382935, 30.99
383035, 30.99
383135, 30.99
383235, 30.99
383335, 30.99
383435, 30.99
383535, 30.99
383635, 30.99
383735, 30.99
383835, 30.99
383935, 30.99
384035, 30.99
384135, 30.99
384235, 30.99
384335, 30.99
384435, 30.99
384535, 30.99
384635, 30.99
384735, 30.99
384835, 30.99
384935, 30.99
385035, 30.99
385235, 31.02
385335, 31.02
385435, 31.02
385535, 31.02
385635, 31.02
385735, 31.02
385835, 31.02
385935, 31.02
386035, 31.02
386135, 31.02
386235, 31.02
386335, 31.02
386435, 31.02
386535, 31.02
386635, 31.02
386735, 31.02
386835, 31.02
386935, 31.02
387035, 31.02
387135, 31.02
387235, 31.02
387335, 31.02
387435, 31.02
387535, 31.02
387635, 31.02
387735, 31.02
387835, 31.02
387935, 31.02
388035, 31.02
388135, 31.02
388235, 31.02
388335, 31.02
388435, 31.02
388535, 31.02
388635, 31.02
388735, 31.02
388835, 31.02
389156, 31.02
389256, 31.02
389356, 31.02
389456, 31.02
389556, 31.02
389656, 31.02
389756, 31.02
389856, 31.02
389956, 31.02
390056, 31.02
390156, 31.02
390256, 31.02
390356, 31.02
390456, 31.02
390556, 31.02
390656, 31.02
390756, 31.02
390856, 31.02
390956, 31.02
391056, 31.02
391156, 31.02
391256, 31.02
391356, 31.02
391456, 31.02
391556, 31.02
391656, 31.02
391756, 31.02
391856, 31.02
391956, 31.02
392056, 31.02
392156, 31.02
392256, 31.02
392356, 31.02
392456, 31.02
392556, 31.02
392656, 31.02
392756, 31.02
392856, 31.02
392956, 31.02
393056, 31.02
393156, 31.02
393256, 31.02
393356, 31.02
393456, 31.02
393556, 31.02
393656, 31.02
393756, 31.02
393856, 31.02
393956, 31.02
394056, 31.02
394156, 31.02
394256, 31.02
394356, 31.02
394456, 31.02
394556, 31.02
394656, 31.02
394756, 31.02
394856, 31.02
394956, 31.02
395056, 31.02
395156, 31.02
395256, 31.02
395356, 31.02
395456, 31.02
395556, 31.02
395656, 31.02
395756, 31.02
395856, 31.02
395956, 31.02
396056, 31.02
396156, 31.02
396256, 31.02
396356, 31.02
396456, 31.02
396556, 31.02
396656, 31.02
396756, 31.02
396856, 31.02
396956, 31.02
397056, 31.02
397156, 31.02
397256, 31.02
397356, 31.02
397456, 31.02
397556, 31.02
397656, 31.02
397756, 31.02
397856, 31.02
397956, 31.02
398056, 31.02
398156, 31.02
398256, 31.02
398356, 31.02
398456, 31.02
398556, 31.02
398656, 31.02
398756, 31.02
398856, 31.02
398956, 31.02
399056, 31.02
399156, 31.02
399256, 31.02
399356, 31.02
399456, 31.02
399556, 31.02
399656, 31.02
399756, 31.02
399856, 31.02
399956, 31.02
400056, 31.02
400156, 31.02
400256, 31.02
400356, 31.02
400456, 31.02
400556, 31.02
400656, 31.02
400756, 31.02
400856, 31.02
400956, 31.02
401056, 31.02
401156, 31.02
401256, 31.02
401356, 31.02
401456, 31.02
401556, 31.02
401656, 31.02
401756, 31.02
401856, 31.02
401956, 31.02
402056, 31.02
402156, 31.02
402256, 31.02
402356, 31.02
402456, 31.02
402556, 31.02
402656, 31.02
402756, 31.02
402856, 31.02
402956, 31.02
403056, 31.02
403156, 31.02
403256, 31.02
403356, 31.02
403456, 31.02
403556, 31.02
403656, 31.02
403756, 31.02
403856, 31.02
403956, 31.02
404056, 31.02
404156, 31.02
404256, 31.02
404356, 31.02
404456, 31.02
404556, 31.02
404656, 31.02
404756, 31.02
404856, 31.02
404956, 31.02
405056, 31.02
405156, 31.02
405256, 31.02
405356, 31.02
405456, 31.02
405556, 31.02
405656, 31.02
405756, 31.02
405856, 31.02
405956, 31.02
406056, 31.02
406156, 31.02
406256, 31.02
406356, 31.02
406456, 31.02
406556, 31.02
406656, 31.02
406756, 31.02
406856, 31.02
406956, 31.02
407056, 31.02
407156, 31.02
407256, 31.02
407356, 31.02
407456, 31.02
407556, 31.02
407656, 31.02
407756, 31.02
407856, 31.02
407956, 31.02
408056, 31.02
408156, 31.02
408256, 31.02
408356, 31.02
408456, 31.02
408556, 31.02
408656, 31.02
408756, 31.02
408856, 31.02
408956, 31.02
409056, 31.02
409156, 31.02
409256, 31.02
409356, 31.02
409456, 31.02
409556, 31.02
409656, 31.02
409756, 31.02
409856, 31.02
409956, 31.02
410056, 31.02
410156, 31.02
410256, 31.02
410356, 31.02
410556, 31.06
410656, 31.06
410756, 31.06
410856, 31.06
410956, 31.06
411056, 31.06
411156, 31.06
411256, 31.06
411456, 31.05
411556, 31.05
411656, 31.05
411756, 31.05
411856, 31.05
411956, 31.05
412056, 31.05
412156, 31.05
412256, 31.05
412356, 31.05
412456, 31.05
412556, 31.05
412656, 31.05
412756, 31.05
412856, 31.05
412956, 31.05
413056, 31.05
413156, 31.05
413256, 31.05
413356, 31.05
413456, 31.05
413556, 31.05
413656, 31.05
413756, 31.05
413856, 31.05
413956, 31.05
414056, 31.05
414156, 31.05
414256, 31.05
414356, 31.05
414456, 31.05
414556, 31.05
414656, 31.05
414756, 31.05
414856, 31.05
414956, 31.05
415056, 31.05
415156, 31.05
415256, 31.05
415356, 31.05
415456, 31.05
415556, 31.05
415656, 31.05
415756, 31.05
415856, 31.05
415956, 31.05
416056, 31.05
416156, 31.05
416256, 31.05
416356, 31.05
416456, 31.05
416702, 31.06
416802, 31.06
416902, 31.06
417002, 31.06
417102, 31.06
417202, 31.06
417302, 31.06
417402, 31.06
417502, 31.06
417602, 31.06
417702, 31.06
417802, 31.06
417902, 31.06
418002, 31.06
418102, 31.06
418202, 31.06
418302, 31.06
418402, 31.06
418723, 31.05
418823, 31.05
418923, 31.05
419023, 31.05
419123, 31.05
419223, 31.05
419323, 31.05
419423, 31.05
419523, 31.05
419623, 31.05
419723, 31.05
419823, 31.05
419923, 31.05
420023, 31.05
420123, 31.05
420223, 31.05
420323, 31.05
420423, 31.05
420523, 31.05
420623, 31.05
420723, 31.05
420823, 31.05
420923, 31.05
421023, 31.05
421123, 31.05
421223, 31.05
421323, 31.05
421423, 31.05
421523, 31.05
421623, 31.05
421723, 31.05
421823, 31.05
421923, 31.05
422023, 31.05
422123, 31.05
422223, 31.05
422323, 31.05
422423, 31.05
422523, 31.05
422623, 31.05
422723, 31.05
422823, 31.05
422923, 31.05
423023, 31.05
423123, 31.05
423223, 31.05
423323, 31.05
423423, 31.05
423523, 31.05
423623, 31.05
423723, 31.05
423823, 31.05
423923, 31.05
424023, 31.05
424123, 31.05
424223, 31.05
424323, 31.05
424423, 31.05
424523, 31.05
424623, 31.05
424723, 31.05
424823, 31.05
424923, 31.05
425023, 31.05
425123, 31.05
425223, 31.05
425323, 31.05
425423, 31.05
425523, 31.05
425623, 31.05
425723, 31.05
425823, 31.05
425923, 31.05
426023, 31.05
426123, 31.05
426223, 31.05
426323, 31.05
426423, 31.05
426523, 31.05
426623, 31.05
426723, 31.05
426823, 31.05
426923, 31.05
427023, 31.05
427123, 31.05
427223, 31.05
427323, 31.05
427423, 31.05
427523, 31.05
427623, 31.05
427723, 31.05
427823, 31.05
427923, 31.05
428023, 31.05
428123, 31.05
428223, 31.05
428323, 31.05
428423, 31.05
428523, 31.05
428623, 31.05
428723, 31.05
428823, 31.05
428923, 31.05
429023, 31.05
429123, 31.05
429223, 31.05
429323, 31.05
429643, 31.07
429743, 31.07
429843, 31.07
429943, 31.07
430043, 31.07
430143, 31.07
430243, 31.07
430343, 31.07
430443, 31.07
430543, 31.07
430643, 31.07
430743, 31.07
430843, 31.07
430943, 31.07
431043, 31.07
431143, 31.07
431243, 31.07
431343, 31.07
431443, 31.07
431543, 31.07
431643, 31.07
431743, 31.07
431843, 31.07
431943, 31.07
432043, 31.07
432143, 31.07
432243, 31.07
432343, 31.07
432443, 31.07
432543, 31.07
432643, 31.07
432743, 31.07
432843, 31.07
432943, 31.07
433043, 31.07
433143, 31.07
433243, 31.07
433343, 31.07
433443, 31.07
433543, 31.07
433643, 31.07
433743, 31.07
433843, 31.07
433943, 31.07
434043, 31.07
434143, 31.07
434243, 31.07
434343, 31.07
434443, 31.07
434543, 31.07
434643, 31.07
434743, 31.07
434843, 31.07
434943, 31.07
435043, 31.07
435143, 31.07
435243, 31.07
435343, 31.07
435443, 31.07
435543, 31.07
435643, 31.07
435743, 31.07
435843, 31.07
435943, 31.07
436043, 31.07
436143, 31.07
436243, 31.07
436343, 31.07
436443, 31.07
436543, 31.07
436643, 31.07
436743, 31.07
436843, 31.07
436943, 31.07
437043, 31.07
437143, 31.07
437243, 31.07
437343, 31.07
437443, 31.07
437543, 31.07
437643, 31.07
437743, 31.07
437843, 31.07
437943, 31.07
438043, 31.07
438143, 31.07
438243, 31.07
438343, 31.07
438443, 31.07
438543, 31.07
438643, 31.07
438743, 31.07
438843, 31.07
438943, 31.07
439043, 31.07
439143, 31.07
439243, 31.07
439343, 31.07
439443, 31.07
439543, 31.07
439643, 31.07
439743, 31.07
439843, 31.07
439943, 31.07
440043, 31.07
440143, 31.07
440243, 31.07
440343, 31.07
440443, 31.07
440543, 31.07
440643, 31.07
440843, 31.09
440943, 31.09
441043, 31.09
441143, 31.09
441243, 31.09
441343, 31.09
441443, 31.09
441543, 31.09
441643, 31.09
441843, 31.08
441943, 31.08
442043, 31.08
442143, 31.08
442243, 31.08
442343, 31.08
442443, 31.08
442543, 31.08
442643, 31.08
442743, 31.08
442843, 31.08
442943, 31.08
443043, 31.08
443143, 31.08
443243, 31.08
443343, 31.08
443443, 31.08
443543, 31.08
443643, 31.08
443743, 31.08
443843, 31.08
443943, 31.08
444043, 31.08
444143, 31.08
444243, 31.08
444343, 31.08
444443, 31.08
444543, 31.08
444643, 31.08
444743, 31.08
444843, 31.08
444943, 31.08
445043, 31.08
445143, 31.08
445243, 31.08
445343, 31.08
445443, 31.08
445543, 31.08
445643, 31.08
445743, 31.08
445843, 31.08
446164, 31.07
446264, 31.07
446364, 31.07
446464, 31.07
446564, 31.07
446664, 31.07
446764, 31.07
446864, 31.07
446964, 31.07
447064, 31.07
447164, 31.07
447264, 31.07
447364, 31.07
447464, 31.07
447564, 31.07
447664, 31.07
447764, 31.07
447864, 31.07
447964, 31.07
448064, 31.07
448164, 31.07
448264, 31.07
448364, 31.07
448464, 31.07
448564, 31.07
448664, 31.07
448984, 31.10
449084, 31.10
449184, 31.10
449284, 31.10
449384, 31.10
449484, 31.10
449584, 31.10
449684, 31.10
449784, 31.10
449884, 31.10
449984, 31.10
450084, 31.10
450184, 31.10
450284, 31.10
450384, 31.10
450484, 31.10
450584, 31.10
450684, 31.10
450784, 31.10
450884, 31.10
450984, 31.10
451084, 31.10
451184, 31.10
451284, 31.10
451384, 31.10
451484, 31.10
467484, 31.08
467584, 31.08
467684, 31.08
467784, 31.08
467884, 31.08
467984, 31.08
468084, 31.08
468184, 31.08
468284, 31.08
468384, 31.08
468484, 31.08
468584, 31.08
468684, 31.08
468784, 31.08
468884, 31.08
468984, 31.08
469084, 31.08
469184, 31.08
469284, 31.08
469384, 31.08
469484, 31.08
469584, 31.08
469684, 31.08
469784, 31.08
469884, 31.08
469984, 31.08
470084, 31.08
470184, 31.08
470284, 31.08
470384, 31.08
470484, 31.08
470584, 31.08
470684, 31.08
470784, 31.08
470884, 31.08
470984, 31.08
471084, 31.08
471184, 31.08
471284, 31.08
471384, 31.08
471484, 31.08
471584, 31.08
471684, 31.08
471784, 31.08
471884, 31.08
471984, 31.08
472084, 31.08
472184, 31.08
472284, 31.08
472384, 31.08
472484, 31.08
472584, 31.08
472684, 31.08
472784, 31.08
472884, 31.08
472984, 31.08
473084, 31.08
473184, 31.08
473284, 31.08
473384, 31.08
473484, 31.08
473584, 31.08
473684, 31.08
473784, 31.08
473884, 31.08
473984, 31.08
474084, 31.08
474184, 31.08
474284, 31.08
474384, 31.08
474484, 31.08
474584, 31.08
474684, 31.08
474784, 31.08
474884, 31.08
474984, 31.08
475084, 31.08
475184, 31.08
475284, 31.08
475384, 31.08
475484, 31.08
475584, 31.08
475684, 31.08
475784, 31.08
475984, 31.12
476084, 31.12
476184, 31.12
476284, 31.12
476384, 31.12
476484, 31.12
476584, 31.12
476684, 31.12
476784, 31.12
476884, 31.12
476984, 31.12
477084, 31.12
477184, 31.12
477284, 31.12
477384, 31.12
477484, 31.12
477584, 31.12
477684, 31.12
477784, 31.12
477884, 31.12
477984, 31.12
478084, 31.12
478184, 31.12
478284, 31.12
478384, 31.12
478484, 31.12
478584, 31.12
478684, 31.12
478784, 31.12
478884, 31.12
478984, 31.12
479084, 31.12
479184, 31.12
479284, 31.12
479384, 31.12
479484, 31.12
479584, 31.12
479684, 31.12
479784, 31.12
479884, 31.12
479984, 31.12
480084, 31.12
480184, 31.12
480284, 31.12
480384, 31.12
480484, 31.12
480584, 31.12
480684, 31.12
480784, 31.12
480884, 31.12
480984, 31.12
481084, 31.12
481184, 31.12
481284, 31.12
481384, 31.12
481484, 31.12
481584, 31.12
481684, 31.12
481784, 31.12
481884, 31.12
481984, 31.12
482084, 31.12
482184, 31.12
482284, 31.12
482384, 31.12
482484, 31.12
482584, 31.12
482684, 31.12
482884, 31.13
482984, 31.13
483084, 31.13
483184, 31.13
483284, 31.13
483384, 31.13
483484, 31.13
483584, 31.13
483684, 31.13
483784, 31.13
483884, 31.13
483984, 31.13
484084, 31.13
484184, 31.13
484505, 31.10
484605, 31.10
484705, 31.10
484805, 31.10
484905, 31.10
485005, 31.10
485105, 31.10
485205, 31.10
485305, 31.10
485405, 31.10
485505, 31.10
485605, 31.10
485805, 31.13
485905, 31.13
486005, 31.13
486105, 31.13
486205, 31.13
486305, 31.13
486405, 31.13
486505, 31.13
486605, 31.13
486705, 31.13
486805, 31.13
486905, 31.13
487005, 31.13
487105, 31.13
487205, 31.13
487305, 31.13
487405, 31.13
487505, 31.13
487605, 31.13
487705, 31.13
487805, 31.13
487905, 31.13
488005, 31.13
488105, 31.13
488205, 31.13
488305, 31.13
488405, 31.13
488505, 31.13
488605, 31.13
488705, 31.13
488805, 31.13
488905, 31.13
489005, 31.13
489105, 31.13
489205, 31.13
489305, 31.13
489405, 31.13
489505, 31.13
489605, 31.13
489705, 31.13
489805, 31.13
489905, 31.13
490005, 31.13
490105, 31.13
490205, 31.13
490305, 31.13
490405, 31.13
490605, 31.12
490705, 31.12
490805, 31.12
490905, 31.12
491005, 31.12
491105, 31.12
491205, 31.12
491305, 31.12
491405, 31.12
491505, 31.12
491605, 31.12
491805, 31.15
491905, 31.15
492005, 31.15
492105, 31.15
492205, 31.15
492305, 31.15
492405, 31.15
492505, 31.15
492605, 31.15
492705, 31.15
492805, 31.15
492905, 31.15
493005, 31.15
493105, 31.15
493205, 31.15
493305, 31.15
493405, 31.15
493505, 31.15
493605, 31.15
493705, 31.15
493805, 31.15
493905, 31.15
494005, 31.15
494105, 31.15
494205, 31.15
494305, 31.15
494405, 31.15
494505, 31.15
494605, 31.15
494705, 31.15
494805, 31.15
494905, 31.15
495005, 31.15
495105, 31.15
495205, 31.15
495305, 31.15
495405, 31.15
495505, 31.15
495605, 31.15
495705, 31.15
495805, 31.15
495905, 31.15
496005, 31.15
496326, 31.10
496426, 31.10
496526, 31.10
496626, 31.10
496726, 31.10
496826, 31.10
496926, 31.10
497026, 31.10
497347, 31.10
497447, 31.10
497547, 31.10
497647, 31.10
497747, 31.10
497847, 31.10
497947, 31.10
498047, 31.10
498147, 31.10
498247, 31.10
498347, 31.10
498447, 31.10
498547, 31.10
498647, 31.10
498747, 31.10
498847, 31.10
498947, 31.10
499047, 31.10
499147, 31.10
499247, 31.10
499347, 31.10
499447, 31.10
499547, 31.10
499647, 31.10
499747, 31.10
499847, 31.10
499947, 31.10
500047, 31.10
500147, 31.10
500247, 31.10
500347, 31.10
500447, 31.10
500547, 31.10
500647, 31.10
500747, 31.10
500847, 31.10
500947, 31.10
501047, 31.10
501147, 31.10
501247, 31.10
501347, 31.10
501447, 31.10
501547, 31.10
501647, 31.10
501747, 31.10
501847, 31.10
501947, 31.10
502047, 31.10
502147, 31.10
502247, 31.10
502347, 31.10
502447, 31.10
502547, 31.10
502647, 31.10
502747, 31.10
502847, 31.10
502947, 31.10
503047, 31.10
503147, 31.10
503247, 31.10
503347, 31.10
503447, 31.10
503547, 31.10
503647, 31.10
503747, 31.10
503847, 31.10
503947, 31.10
504047, 31.10
504147, 31.10
504247, 31.10
504347, 31.10
504447, 31.10
504547, 31.10
504647, 31.10
504747, 31.10
504847, 31.10
504947, 31.10
505047, 31.10
505147, 31.10
505247, 31.10
505347, 31.10
505447, 31.10
505547, 31.10
505647, 31.10
505747, 31.10
505847, 31.10
505947, 31.10
506047, 31.10
506147, 31.10
506247, 31.10
506347, 31.10
506447, 31.10
506547, 31.10
506647, 31.10
506747, 31.10
506847, 31.10
506947, 31.10
507047, 31.10
507147, 31.10
507247, 31.10
507347, 31.10
507447, 31.10
507547, 31.10
507647, 31.10
507747, 31.10
507847, 31.10
507947, 31.10
508047, 31.10
508147, 31.10
508247, 31.10
508347, 31.10
508447, 31.10
508547, 31.10
508647, 31.10
508747, 31.10
508847, 31.10
508947, 31.10
509047, 31.10
509147, 31.10
509247, 31.10
509347, 31.10
509447, 31.10
509547, 31.10
509647, 31.10
509747, 31.10
509847, 31.10
509947, 31.10
510047, 31.10
510147, 31.10
510247, 31.10
510347, 31.10
510447, 31.10
510547, 31.10
510647, 31.10
510747, 31.10
510847, 31.10
510947, 31.10
511047, 31.10
511147, 31.10
511247, 31.10
511347, 31.10
511667, 31.08
511767, 31.08
511867, 31.08
511967, 31.08
512067, 31.08
512167, 31.08
512267, 31.08
512367, 31.08
512467, 31.08
512567, 31.08
512667, 31.08
512767, 31.08
512867, 31.08
512967, 31.08
513067, 31.08
513167, 31.08
513267, 31.08
513367, 31.08
513467, 31.08
513567, 31.08
513667, 31.08
513767, 31.08
513867, 31.08
513967, 31.08
514067, 31.08
514167, 31.08
514267, 31.08
514367, 31.08
514467, 31.08
514567, 31.08
514667, 31.08
514767, 31.08
514867, 31.08
514967, 31.08
515067, 31.08
515167, 31.08
515267, 31.08
515367, 31.08
515467, 31.08
515567, 31.08
515667, 31.08
515767, 31.08
515867, 31.08
515967, 31.08
516067, 31.08
516167, 31.08
516267, 31.08
516367, 31.08
516467, 31.08
516567, 31.08
516667, 31.08
516767, 31.08
516867, 31.08
516967, 31.08
517067, 31.08
517167, 31.08
517267, 31.08
517367, 31.08
517467, 31.08
517567, 31.08
517667, 31.08
517767, 31.08
517867, 31.08
517967, 31.08
518067, 31.08
518167, 31.08
518267, 31.08
518367, 31.08
518467, 31.08
518567, 31.08
518667, 31.08
518767, 31.08
518867, 31.08
518967, 31.08
519067, 31.08
519167, 31.08
519267, 31.08
519367, 31.08
519467, 31.08
519567, 31.08
519667, 31.08
519767, 31.08
519867, 31.08
519967, 31.08
520067, 31.08
520167, 31.08
520267, 31.08
520467, 31.11
520567, 31.11
520667, 31.11
520767, 31.11
520867, 31.11
520967, 31.11
521067, 31.11
521167, 31.11
521267, 31.11
521367, 31.11
521467, 31.11
521567, 31.11
521667, 31.11
521767, 31.11
521867, 31.11
522188, 31.08
522288, 31.08
522388, 31.08
522488, 31.08
522588, 31.08
522688, 31.08
522788, 31.08
522888, 31.08
522988, 31.08
523088, 31.08
523188, 31.08
523288, 31.08
523388, 31.08
523488, 31.08
523588, 31.08
523688, 31.08
523788, 31.08
523888, 31.08
523988, 31.08
524088, 31.08
524188, 31.08
524288, 31.08
524388, 31.08
524488, 31.08
524588, 31.08
524688, 31.08
524788, 31.08
524888, 31.08
524988, 31.08
525088, 31.08
